{"cameraMode":{"drawMode":0,"name":"Shaded","section":"Shading Mode"},"sceneLighting":false,"audioPlay":false,"sceneViewState":{"showFog":true,"showMaterialUpdate":false,"showSkybox":false,"showFlares":true,"showImageEffects":true,"showParticleSystems":true},"in2DMode":false,"pivot":{"x":12.207635879516602,"y":0.3456004559993744,"z":-0.6510356664657593},"rotation":{"x":-0.07009823620319367,"y":0.39726826548576357,"z":-0.030449578538537027,"w":-0.9145209193229675},"size":0.24057108163833619,"orthographic":false}