{"cameraMode":{"drawMode":0,"name":"Shaded","section":"Shading Mode"},"sceneLighting":false,"audioPlay":false,"sceneViewState":{"showFog":true,"showMaterialUpdate":false,"showSkybox":false,"showFlares":true,"showImageEffects":true,"showParticleSystems":true},"in2DMode":false,"pivot":{"x":12.130000114440918,"y":0.06361910700798035,"z":-0.06111752986907959},"rotation":{"x":0.2834073603153229,"y":-0.5769209265708923,"z":0.22309936583042146,"w":0.7328567504882813},"size":0.6928236484527588,"orthographic":false}