{"cameraMode":{"drawMode":0,"name":"Shaded","section":"Shading Mode"},"sceneLighting":false,"audioPlay":false,"sceneViewState":{"showFog":true,"showMaterialUpdate":false,"showSkybox":false,"showFlares":true,"showImageEffects":true,"showParticleSystems":true},"in2DMode":false,"pivot":{"x":12.703039169311524,"y":0.3632384240627289,"z":-0.35111281275749209},"rotation":{"x":-0.18429367244243623,"y":0.45709770917892458,"z":-0.09742603451013565,"w":-0.8646476864814758},"size":0.24057108163833619,"orthographic":false}