{"cameraMode":{"drawMode":0,"name":"Shaded","section":"Shading Mode"},"sceneLighting":true,"audioPlay":false,"sceneViewState":{"showFog":true,"showMaterialUpdate":false,"showSkybox":true,"showFlares":true,"showImageEffects":true,"showParticleSystems":true},"in2DMode":false,"pivot":{"x":2.7602806091308595,"y":-1.3921475410461426,"z":-1.513832449913025},"rotation":{"x":0.2834073603153229,"y":-0.5769209265708923,"z":0.22309936583042146,"w":0.7328567504882813},"size":6.317318439483643,"orthographic":false}